"","baseMean","log2FoldChange","lfcSE","stat","pvalue","padj"
"B2m",47966.8992345823,-2.03166802498586,0.0677117331340808,-30.0046672998726,8.52980523409502e-198,1.02272364756799e-194
"Zbp1",1496.70723899863,-3.73489044795788,0.148721419546894,-25.1133324260681,3.55667304536736e-139,2.13222549069773e-136
"Abca2",1946.06934665276,0.935777876361556,0.0444409381252119,21.0566634242736,1.98685027522091e-98,7.9407782666329e-96
"Nek6",996.466268678589,-1.31365362260579,0.0756824951002949,-17.3574301542903,1.73309073402962e-67,5.19493947525377e-65
"Lcn2",1871.18964768913,-6.80563278288788,0.41730303377957,-16.3086108462916,8.57200798039323e-60,2.0555675136983e-57
"Knstrn",168.473144557002,-3.64883985041575,0.241508434840456,-15.1085400094876,1.42256814464828e-51,2.84276534238881e-49
"Gpr176",483.669961542506,-2.25964500234758,0.164280209158536,-13.7548218006404,4.76453221826797e-43,8.16096304243328e-41
"Tpx2",303.274089127007,-4.02607326117435,0.300929353129845,-13.3787987755291,8.0436823175198e-41,1.20554688733828e-38
"Ckap2l",160.841716998085,-4.16070944478085,0.33174229792396,-12.5419925973219,4.39796179550014e-36,5.85906243644964e-34
"Gsn",876379.922304998,1.39905530230324,0.113562538744173,12.3196902585539,7.09663337402258e-35,8.50886341545308e-33
"Rtn4rl2",426.277047476795,-1.76468081999521,0.153093903792778,-11.5267869998522,9.66850713639674e-31,1.05386727786724e-28
"Psmc3",3005.55370479562,-0.499139054550366,0.0444353030007314,-11.2329391462043,2.80973707494774e-29,2.80739562738529e-27
"Ogfr",1332.64172058894,-1.00876324227553,0.0900812898172394,-11.1983658795534,4.15323720447553e-29,3.83056262166627e-27
"Edn3",289.991946789657,1.95667142162734,0.179310902670456,10.9121720569517,1.00818247124087e-27,8.63436273584143e-26
"Map1lc3a",2144.88108775808,0.656523769496665,0.0612268132853865,10.7228146341133,7.95451617668613e-27,6.35830993056444e-25
"Bub1b",275.591188956146,-2.83696984242927,0.26673094952812,-10.6360729695906,2.02484520802594e-26,1.51736837776444e-24
"B4galt5",2397.63099289462,-1.14111754842489,0.107651571809093,-10.6001011341341,2.97658162290126e-26,2.0993655093286e-24
"Eif6",1331.72844832086,-0.661813740658096,0.062710774892739,-10.5534294830524,4.89761190935657e-26,3.26235371073252e-24
"Ube2l6",1701.15449423398,-0.753979667033684,0.0722972045138495,-10.4288910214952,1.83011717841902e-25,1.15490026153916e-23
"Nnat",206.095759491823,-2.56470791243624,0.24716723879216,-10.3764071847437,3.17499790941127e-25,1.90341124669206e-23
"Aurka",133.31750038209,-2.70524601552396,0.264512292493892,-10.2272979074741,1.49636253092405e-24,8.54351749799014e-23
"Thbd",22344.7075310077,1.11194177880771,0.10919821219755,10.1827837327236,2.36691668162608e-24,1.28996959148621e-22
"Ada",114.116864236616,-1.76897174546567,0.179425663085685,-9.85907876857553,6.26212844261763e-23,3.26447478378197e-21
"Ncaph",108.426162679594,-4.1076777113724,0.418899397874526,-9.80588115479409,1.06215873426571e-22,5.30636800993576e-21
"Rbl1",290.975828138844,-1.69734497329457,0.179628366296727,-9.44920342086022,3.41418991475091e-21,1.63744548311454e-19
"Fam129b",3120.96665718152,-0.782120544243017,0.0832494367470068,-9.39490493635247,5.72695153472838e-21,2.64100572697666e-19
"Bub1",79.3561686516533,-7.62950240113234,0.81298189157582,-9.38459082568729,6.31612004099295e-21,2.80482515894465e-19
"Casc5",53.5604357182597,-5.21394272260625,0.557221077578358,-9.35704504442952,8.19978311402039e-21,3.5112642691823e-19
"Pamr1",7694.11296715253,0.870797406778606,0.0936548538073479,9.29794208605433,1.43190193535621e-20,5.92017386376584e-19
"Kcnb1",1771.21006216143,0.807206028069692,0.0877012695394721,9.20404040110718,3.44737591852225e-20,1.37780124210272e-18
"Mcm10",55.2934953638318,-5.82641297015285,0.633517714167118,-9.1969219484459,3.68349837827177e-20,1.42468211469286e-18
"Surf4",8674.83319447836,-0.551306097717894,0.0604253869965496,-9.12374955495732,7.25691415373967e-20,2.71907502197933e-18
"Cst3",37540.1291095756,0.594038701470562,0.0656194092625069,9.05278953509231,1.39361731607953e-19,5.06347624842229e-18
"Arhgap11a",121.834875392713,-2.18664498713157,0.243008511862326,-8.99822384974891,2.29398706604659e-19,8.08967791820548e-18
"Sox12",247.980303564601,-1.3854441542454,0.154045732819055,-8.99371977977972,2.3900131587699e-19,8.18750222104317e-18
"Psma7",1737.03599188589,-0.583512382896342,0.0653952891889789,-8.92285040914967,4.54438355807814e-19,1.51353219059325e-17
"Mmp9",88.9032409241055,-5.80225114651048,0.652235337282508,-8.89594723690554,5.79230973394782e-19,1.87702145162255e-17
"Grem1",272.494177319261,-10.3466810050721,1.17358405749129,-8.8163101219947,1.18293545617822e-18,3.73247266304653e-17
"Syt13",76.6651999165807,-6.73506505749345,0.775037928076357,-8.68998124286623,3.62499334133008e-18,1.11445308109096e-16
"Ptges",4349.38195538383,-0.71117840682371,0.0819625916201348,-8.67686578432938,4.06824741594689e-18,1.21945716293008e-16
"Dok5",48.1221989954039,-2.69628406655438,0.311226563634385,-8.6634123870026,4.57848445038627e-18,1.33892752585686e-16
"Spc25",61.3758759075036,-3.88562270509648,0.458148921246092,-8.4811346811168,2.2300828854389e-17,6.36635566581249e-16
"Ifih1",1126.66682869272,-0.707502873406966,0.084827531381555,-8.34048641854979,7.39855604535702e-17,2.01610652235979e-15
"Ube2c",95.8865480601733,-3.86757476369168,0.463616934307516,-8.34217751227853,7.29348576976781e-17,2.01610652235979e-15
"Rad51",83.449669634845,-2.54738178524288,0.307515855614205,-8.28374127296612,1.19364783647075e-16,3.18040834650762e-15
"Osbpl6",439.456619492541,0.66837928860453,0.0809945179981508,8.25215465347655,1.55563924311957e-16,4.05480750543556e-15
"Slco4a1",49.7668797305556,-9.3758709585154,1.13877132203054,-8.23332198232505,1.82091898389764e-16,4.64528055679418e-15
"Sardh",1702.70400910167,-0.571460593147975,0.0694637659787912,-8.22674361367701,1.92371610228071e-16,4.80528251382201e-15
"Rnf114",1371.01119901864,-0.569639496910274,0.0696005564921244,-8.18441009124304,2.73640747212216e-16,6.69582154913158e-15
"Psmd14",1042.55231190309,-0.697152716011345,0.0853167421487875,-8.1713471289791,3.04964761229271e-16,7.31305497427792e-15
"Arhgap1",4008.14613266517,-0.416145596572908,0.0521170486206065,-7.98482660831966,1.40719962778934e-15,3.30829873278318e-14
"Mafb",1086.64289833199,1.18427383819125,0.149836866069227,7.90375472511618,2.70625290280322e-15,6.23999467396359e-14
"Mastl",62.3522777404561,-3.28092436635384,0.416922049414746,-7.86939518060854,3.5635984384692e-15,8.06180099570674e-14
"Mybl2",84.6113250535479,-3.06030414700096,0.391576264843499,-7.8153463878207,5.48120858472105e-15,1.21703131353343e-13
"Nusap1",91.495904428825,-2.36318569480664,0.305459354143416,-7.73649804057761,1.02192557785735e-14,2.22779775972903e-13
"Cdca7",102.413010230337,-2.37279031978688,0.309454931846165,-7.66764422086004,1.75183998192331e-14,3.75081453272509e-13
"Plxdc2",30475.0172212785,0.721059019514749,0.0940674713534628,7.66533860366393,1.78360024322127e-14,3.75181875723211e-13
"Rpl12",10524.7879831685,-0.596872141735537,0.0779933110152518,-7.65286322590942,1.96552939840976e-14,4.06322370464362e-13
"Caprin1",5156.30465987512,-0.569986457423554,0.0753608704929247,-7.56342719630697,3.92585587821085e-14,7.97813762368612e-13
"Soga1",8925.41916526934,0.661146525784147,0.0874576759522875,7.55961690709498,4.04258209411558e-14,8.07842655140764e-13
"Il1rn",48.573527504289,-9.24817284013961,1.22453824729213,-7.55237564901745,4.27389643798909e-14,8.40065873630971e-13
"Ube2v1",2811.20846541564,-0.342686914812464,0.046344025741431,-7.3944140443135,1.4203319698685e-13,2.74673876108441e-12
"Otud1",670.797419788528,0.746059829076243,0.101394408806524,7.35799772253558,1.86689230568125e-13,3.55302202303463e-12
"Scn3a",4379.65269205967,0.917022831600468,0.124893589112995,7.34243317141614,2.09745260668409e-13,3.92944636783473e-12
"Cat",2654.68373835586,0.308195879841451,0.0420463403786937,7.32990973924629,2.30307792069392e-13,4.24829296448002e-12
"Psmb7",1678.21263935805,-0.479448680581165,0.0656064748251589,-7.30794760515474,2.71253512687123e-13,4.9277721471494e-12
"Eif2s2",2001.69349347312,-0.470858408938156,0.0655886317001739,-7.17896374314678,7.02417689953192e-13,1.25701314963265e-11
"Itih2",222.039640969265,1.46878644690726,0.205036999886649,7.1635190122722,7.86319514388294e-13,1.38646632022289e-11
"Helz2",3998.01896517999,-0.795657750943164,0.112457733029882,-7.07517152894894,1.49264015610388e-12,2.59373267705588e-11
"Phf19",89.5043521625886,-2.01441388439333,0.285353416139092,-7.059364880396,1.6726533169472e-12,2.86501618145671e-11
"Zak",2964.09347986766,0.405438725296496,0.057524558931347,7.04809793987937,1.81379963187904e-12,3.06302219524362e-11
"Dsn1",85.2571973982357,-1.92509796480272,0.274201076361456,-7.02075276416868,2.20676045741236e-12,3.62452847731153e-11
"Lamc3",1763.27512339535,0.885867418519006,0.126145373247741,7.02259144121935,2.17790372492547e-12,3.62452847731153e-11
"Trp53i11",317.833844066453,-0.827541846021008,0.118072353049482,-7.00876898484608,2.40424042580983e-12,3.89551928452161e-11
"Lzts3",681.667028977718,0.591433458273009,0.0846123231093339,6.98992104860155,2.75040977249549e-12,4.39698842296279e-11
"Sestd1",2157.08846526184,0.401431492411977,0.0582814124050463,6.88781338417287,5.66564645977881e-12,8.93830277009841e-11
"Gorasp2",4086.53135178584,-0.292865310068169,0.0427929998230595,-6.84376676744113,7.71374737032766e-12,1.20114066195102e-10
"Slpi",32.0791130695604,-5.05629925294788,0.739728227860938,-6.83534717550134,8.18066672768034e-12,1.2575153085242e-10
"Trmt6",381.336753462771,-0.664544906297249,0.0974169222630923,-6.82165778654476,8.99958472444619e-12,1.36588633982417e-10
"2700094K13Rik",377.74902681116,-1.38793206017408,0.203661365465299,-6.81490108348784,9.43286470340134e-12,1.41375059742228e-10
"Samhd1",3981.16373484888,-0.782725737517842,0.115188646916367,-6.79516391998371,1.08189444570167e-11,1.60147091406951e-10
"Fgf7",3252.06073754898,0.522441598600298,0.0770919505523762,6.77686314663101,1.2281311734358e-11,1.79576741091406e-10
"AA467197",26.7887627451973,-7.02892442387209,1.04375687439882,-6.73425449573264,1.64772557618278e-11,2.37651465454529e-10
"Msrb2",400.82880042478,0.768353332663393,0.114121897994501,6.73274232347955,1.66494771461055e-11,2.37651465454529e-10
"Rpl7a",12197.0117764304,-0.418340548646403,0.0624245291675646,-6.70154111252425,2.06232813707491e-11,2.90909580747391e-10
"Stom",813.669017563693,-0.79903505144221,0.119272928228912,-6.69921551610336,2.09541367664096e-11,2.92139650964246e-10
"Sqrdl",2591.56508092945,0.429858466316793,0.0643791240150015,6.6769853255013,2.43907361671729e-11,3.36143593844142e-10
"Vim",54833.395886656,-0.361237282856144,0.0541328982511894,-6.67315614951776,2.50359755153406e-11,3.41115166396515e-10
"Bcl2l1",1533.06192270085,0.309663218656957,0.0464664549258654,6.66423163012988,2.66053578479135e-11,3.5842498943425e-10
"Prnp",3796.14543240854,0.53803566777538,0.0808443530253137,6.65520407599665,2.82907229506551e-11,3.7689529797595e-10
"Zdhhc12",155.546624542867,-0.916320668942442,0.138042387881226,-6.63796593935232,3.18041328793014e-11,4.19045662882224e-10
"Pbx3",289.310206172851,-0.97023587741957,0.146638954234278,-6.61649479489245,3.67815819171764e-11,4.74205556114995e-10
"Bmyc",482.794349868434,0.709188975726917,0.107167607327002,6.61756843710209,3.65155184397838e-11,4.74205556114995e-10
"Ddrgk1",1978.59501965441,0.461757956726166,0.0698806608841611,6.60780752333764,3.90053347977239e-11,4.97525493856074e-10
"Uck1",1558.40383770877,0.583997707093206,0.0891054108611312,6.55400947539935,5.60124105077372e-11,7.06935581039758e-10
"Pofut1",3147.04579228883,0.38454537148105,0.058835454920894,6.53594625890259,6.32086109635249e-11,7.89449214013192e-10
"Atp9a",1256.03567245222,0.604202316693716,0.0931385444110345,6.48713505793347,8.74839127132206e-11,1.08137331281599e-09
"Fam83d",31.3751002802048,-4.52221399706443,0.697355186210859,-6.48480729258827,8.88452689572355e-11,1.08699466816046e-09
"Angpt4",157.119468927375,1.10216822045917,0.171217582762837,6.43723736005457,1.21667595236053e-10,1.47352976452554e-09
"Hspa14",837.46251174464,-0.44537840831364,0.0694337166813562,-6.41443998104785,1.4134145981528e-10,1.69468410318521e-09
"Apip",434.731977447511,-0.572318009234492,0.0895142609740942,-6.39359586960254,1.62029326723092e-10,1.92349666080186e-09
"Cutal",128.619657326792,1.19904446391774,0.187892974007441,6.38152900741385,1.7532850202289e-10,2.06096935221025e-09
"Nudt5",285.511064471704,-0.779842622957053,0.12253882485882,-6.3640452228551,1.96508240819327e-10,2.28750855089682e-09
"Lama5",2370.5674071052,-1.15074388120553,0.181468774066521,-6.3412776502458,2.27867449380522e-10,2.62704876737736e-09
"OTTMUSG00000016609",131.265158486707,-23.2557563845201,3.67832855578039,-6.3223706180282,2.57580672499342e-10,2.9413259650163e-09
"Ppip5k1",998.693857726972,0.577008629654205,0.0914048526228435,6.31266954759032,2.74262722575958e-10,3.10227362611862e-09
"Wdsub1",1110.47546062689,0.381182432117075,0.0604314652059211,6.30768145068452,2.83246422069771e-10,3.17394822487529e-09
"Gpsm1",2487.9466947271,0.550338011341967,0.0873612424923278,6.29956712658132,2.98478019854728e-10,3.31365875746128e-09
"Bdnf",15.4067502789145,-3.38333105244614,0.542112934405415,-6.24100780062912,4.34760563402104e-10,4.78236619742314e-09
"Slc20a1",995.766769430324,-0.704502507906211,0.113035279615357,-6.23258959772147,4.58786976020724e-10,4.95572598422386e-09
"Zer1",1788.50365236546,0.480113836357643,0.0770228809022811,6.23339234696717,4.56441063679625e-10,4.95572598422386e-09
"Hspa12b",591.272415082767,0.711714588396332,0.114362760214069,6.22330719426601,4.86782931037681e-10,5.21118512780517e-09
"E030013I19Rik",257.059022937469,1.19095832266448,0.191982245627119,6.20348157077837,5.52275103152342e-10,5.85998096176688e-09
"St6galnac6",1689.91364524435,0.400376369210228,0.0647044085351394,6.18777573699314,6.10190525844809e-10,6.37805316490213e-09
"Entpd2",3035.34642235454,1.25799024790404,0.203315634445652,6.18737585692316,6.11739878201622e-10,6.37805316490213e-09
"Hat1",413.657179788186,-0.890377061248388,0.144266401482479,-6.17175622389476,6.7535574415237e-10,6.98061670033354e-09
"Slc2a6",12.7400380340673,-7.28611276767001,1.18331013834465,-6.15739908884971,7.39493323366816e-10,7.57822645057105e-09
"Nmi",516.870847166433,-0.61754095449433,0.100461557549021,-6.14703742964562,7.89435054554758e-10,8.02146296958605e-09
"Lcmt2",698.45690857873,0.910324954347318,0.148913635485501,6.11310677749154,9.77099446558543e-10,9.84489274305625e-09
"Nup188",1575.31285571467,-0.424001563659797,0.0694540183534496,-6.10478088542069,1.02941805983999e-09,1.02856021145679e-08
"Dnm1",4176.20485223804,0.656978412044013,0.107815889760302,6.0935212194104,1.10453686139773e-09,1.09449561720321e-08
"Pdyn",15.9409500930839,-3.33122328183315,0.54745193168134,-6.08496032081257,1.1652016377302e-09,1.14514488822828e-08
"Gins1",63.5104911357869,-1.68546766488067,0.277253899400606,-6.07914863785316,1.20822322353483e-09,1.1682739072728e-08
"Ggt7",138.342483768064,-1.04569086011042,0.172000332209132,-6.07958628149033,1.20493031870286e-09,1.1682739072728e-08
"Dut",442.909159329365,-0.914644490402337,0.15197724488945,-6.01829893065674,1.76259473571757e-09,1.69068087050029e-08
"Cd44",2926.46251588864,-1.15680703902786,0.192637984102885,-6.00508276919066,1.91234323421199e-09,1.81976153795252e-08
"Pcna",1755.75216127696,-0.673495013389674,0.112505502485962,-5.98632954395909,2.1462929334312e-09,2.02630332849135e-08
"Ahcy",1446.9406159185,-0.624120946815354,0.104435575104034,-5.97613357511206,2.28495669993456e-09,2.14036178376683e-08
"Atp5g3",2374.79120556643,-0.439813782480658,0.073949919131913,-5.94745454279823,2.72344363931368e-09,2.53132474692799e-08
"Zdhhc5",2922.54093813182,-0.334203246625164,0.0562703131067288,-5.93924625923577,2.86335480348155e-09,2.64089416105721e-08
"Ly75",17.3327729865557,-4.87000366872883,0.821853409125335,-5.92563541704083,3.11092098719481e-09,2.84732386537907e-08
"Olfm1",1364.67996551651,0.467002957442979,0.0788753059223884,5.9207752284663,3.20427553826105e-09,2.91055028058712e-08
"Itpa",661.272786817117,-0.51501577075485,0.0874211300211235,-5.89120468507336,3.83390315616927e-09,3.45627810845635e-08
"Spg11",1912.12568145248,0.335372784847734,0.0572006863372933,5.86309022360594,4.54331187127114e-09,4.0652469654135e-08
"Nkain4",265.534135787121,0.723040317449537,0.124889398193934,5.78944512429123,7.06193233732512e-09,6.27204212774283e-08
"Slc24a3",1374.13519854249,0.712584338729254,0.123291024913133,5.77969352782426,7.48368244100469e-09,6.59774650497399e-08
"D630003M21Rik",541.988276964339,0.974110608209704,0.168678473473722,5.77495508554897,7.69736149675733e-09,6.73659593767302e-08
"Ak1",1821.43807791941,-0.473494896126999,0.0821453435203981,-5.76411121842131,8.20892716230084e-09,7.13224903449182e-08
"Slmo2",620.177561060085,-0.48201911695025,0.0838945635021325,-5.74553459519456,9.16310196065172e-09,7.9039994610226e-08
"Casc4",3381.41500140385,0.665366496000683,0.116008674750948,5.73548915569563,9.72313136294619e-09,8.32716750298034e-08
"Timm10",151.834472026288,-0.734070175921633,0.128363890042723,-5.7186657063549,1.07363782704034e-08,9.1297287561799e-08
"Tspan18",905.560247090009,0.669135822231716,0.117402688430304,5.69949318178474,1.20164130279997e-08,1.01462529722335e-07
"Pomt1",1233.43106024582,0.477631757890238,0.0838728517388166,5.69471226968176,1.23580149383062e-08,1.03617202175029e-07
"Pkp4",766.49906217336,0.559508247022579,0.098584782528273,5.67540174734491,1.38363541856429e-08,1.15206865754069e-07
"Sord",1167.13085388329,0.656702412982678,0.115935783715741,5.66436342547031,1.47571343941817e-08,1.22026235438785e-07
"Lpcat4",111.093069914549,-1.27271212933501,0.225092765359743,-5.65416719325013,1.56603716176954e-08,1.28608120339841e-07
"Zhx3",1663.56167305429,0.627945467381618,0.111145425802005,5.64976437717051,1.60667908480319e-08,1.31048178413539e-07
"Hnrnpa3",8681.54729670786,-0.667946053236275,0.118745806265531,-5.62500752020382,1.85499893301202e-08,1.50279981127123e-07
"Ptprj",404.541642152821,-0.807436845979206,0.143668302176771,-5.6201460847343,1.90796059778165e-08,1.53533205150349e-07
"Ptrh1",126.437169544758,-0.854817521882136,0.152400517082314,-5.60901982649072,2.03475715207959e-08,1.62644921689562e-07
"Fam73b",1396.146663978,0.580676062833132,0.103959332465482,5.58560784358571,2.32884215744386e-08,1.84919320978489e-07
"Ttl",1083.33690233389,0.448322365456301,0.0804036834802401,5.57589336770224,2.46262747293573e-08,1.94255943424338e-07
"Pfkfb3",4499.3918709943,0.927552508468752,0.167152068476984,5.54915363549015,2.87055842819377e-08,2.24954219307472e-07
"Tgif2",295.073216508498,-0.676873667243605,0.122137955143003,-5.54187816924804,2.99244484460043e-08,2.32983205758176e-07
"2900097C17Rik",8268.06688998805,0.307697119160392,0.0558135157190828,5.51294995837701,3.5286858697905e-08,2.72960926314762e-07
"Dpp7",1165.99435687651,0.448227381101967,0.0814874676493261,5.50056829635292,3.78569077336466e-08,2.9096431008104e-07
"Pla2r1",4418.73536281797,0.450172162246862,0.0819915341804491,5.49047126324178,4.00862710765261e-08,3.06136554272324e-07
"Crat",1458.37613217771,0.265564251416885,0.0484600546189567,5.48006504542819,4.25169499261569e-08,3.22644449123178e-07
"Rpl35",5275.63805546591,-0.501896164719879,0.0918804196095951,-5.4624931715861,4.69493598506576e-08,3.54039512332946e-07
"Mfap1b",2240.50352928288,0.316875882246131,0.0581879581910157,5.44572953059998,5.15934839395315e-08,3.86628670271864e-07
"Dzank1",167.293790012564,0.830436463896705,0.152563618506111,5.44321426057052,5.23276425450385e-08,3.89694679574541e-07
"Chn1",598.345394897696,-0.99762883471948,0.184379675784793,-5.41073103894548,6.27679846058927e-08,4.64560577422626e-07
"Scn2a1",454.261644701693,0.550111204808651,0.101973183389277,5.39466540638073,6.86513601165965e-08,5.04987612146008e-07
"Il15ra",247.871933463912,-0.910386402710518,0.169644279421135,-5.36644327658417,8.03044397246675e-08,5.87103800182172e-07
"Mfap1a",2677.66839933489,0.29276117970316,0.0547029843880997,5.35183195172892,8.70682385921214e-08,6.32695867102749e-07
"Pcmtd2",1205.76173974168,0.503911251342765,0.0943089495908162,5.34319652089345,9.13216625585599e-08,6.59606466311526e-07
"1110008F13Rik",983.451705465617,-0.35952281665261,0.0681848787173922,-5.27276462781044,1.3438386449885e-07,9.64827865473777e-07
"Frmd5",59.2374551954594,-1.64781575006623,0.314495783561354,-5.23954798823165,1.6097038491413e-07,1.14883030661929e-06
"Tnks1bp1",7126.22609434169,-0.361223925023214,0.0692390810997233,-5.21705255595395,1.81792691029589e-07,1.28975997955312e-06
"Nxt1",248.403261212722,-0.531350626101235,0.101944659675519,-5.21214772595718,1.86666806168563e-07,1.31655000350652e-06
"Wfdc12",7.52183218079612,-6.03179542163541,1.15919963227318,-5.20341385012961,1.95660477055028e-07,1.36393553481964e-06
"Traf1",93.7167765681966,-1.59309568602794,0.3061292154693,-5.20399754589154,1.95046582627483e-07,1.36393553481964e-06
"1110008P14Rik",300.144684481064,-0.612159025726352,0.118038073072375,-5.18611503723046,2.14726202692817e-07,1.48818911577276e-06
"Grb14",210.797216221537,-0.866989088211892,0.167211796657596,-5.18497561501149,2.16043130690326e-07,1.48871099826265e-06
"Ndufa8",903.740114925368,-0.311127268938458,0.060131022967122,-5.17415559533344,2.28943982664869e-07,1.56859334408673e-06
"Gpr155",666.736781062745,0.625758362726715,0.121008471094873,5.17119468632991,2.32602071645557e-07,1.58460161308536e-06
"Ypel4",107.219353117996,1.26121904604719,0.244854914528618,5.15088311980677,2.59262731604109e-07,1.75624867340863e-06
"Smox",568.222108276743,0.428739766960707,0.0834624499236764,5.1369180673797,2.79280641629971e-07,1.88122185008053e-06
"Bmp7",333.715675024944,0.868594694183345,0.169979798855635,5.10998777520057,3.22179658348202e-07,2.15806374502511e-06
"Shc4",116.070080275018,-1.1449369100038,0.227363145586647,-5.03571899064649,4.76058520838384e-07,3.17107870269568e-06
"Scn7a",11342.4561136139,0.546606279942632,0.109196922365037,5.00569309192952,5.56613834150161e-07,3.68718224942565e-06
"Cd40",1036.04488837029,0.671107117776013,0.135323789936831,4.95926930578346,7.07588195681722e-07,4.66152882759552e-06
"Mrps2",439.684998650029,-0.389617227246867,0.0789512954326387,-4.9349060723049,8.01893415381378e-07,5.25393554667909e-06
"Edf1",2043.61229321759,-0.41998524407686,0.0853036643158133,-4.92341387026448,8.50473181629349e-07,5.54194209116081e-06
"Rin2",4944.87199040187,0.55222756000655,0.112356127001112,4.91497504182468,8.87937706431625e-07,5.75479627033253e-06
"Oip5",24.9070237416412,-1.95274096701332,0.397932832791448,-4.90721248939197,9.23799320014655e-07,5.95502894998695e-06
"Ssrp1",3559.47662875975,-0.378597548705042,0.0772483922679622,-4.90104114260072,9.5330087474503e-07,6.11234090277696e-06
"Spef1",323.461586652152,0.564574008048472,0.11670363540796,4.83767284605057,1.31368132117782e-06,8.37821225580959e-06
"Mavs",1021.95632936581,0.244299691563681,0.0506162794513545,4.82650432255632,1.38950379472913e-06,8.8148944438107e-06
"Ctsz",5455.7584179507,0.270677425870706,0.0561100231351671,4.82404766112204,1.40673778991966e-06,8.87725584270351e-06
"Xrn2",1540.00296590152,-0.349226767327823,0.0724174211829575,-4.82241374552024,1.41831367216458e-06,8.9034455126981e-06
"Sapcd2",17.4837486570156,-4.9275302087553,1.02308471949289,-4.81634620757281,1.4621075719373e-06,9.13055718100429e-06
"Vapb",3046.39951202411,0.259933079334231,0.0540846086305916,4.80604530412015,1.53945028972888e-06,9.56373521961099e-06
"Ntng2",488.480655680253,0.599242971341772,0.124798731364732,4.80167518362384,1.57343771917075e-06,9.7244939447718e-06
"Rapgef4",55.976228505214,1.33117176027393,0.277359384326534,4.79944734340321,1.59104059252058e-06,9.7828598483701e-06
"Ppp2r4",3194.07057673566,-0.242267005008396,0.0505243261949339,-4.79505662428188,1.62628886824544e-06,9.94857322972593e-06
"Gss",335.081311454449,-0.539752665861527,0.112804361320069,-4.78485636144902,1.71109655801111e-06,1.04142374266768e-05
"Dstn",6249.00671821494,0.347945322614742,0.0727600547860002,4.7820926418776,1.73479689953862e-06,1.05051590027616e-05
"1500012F01Rik",624.125858728159,-0.625459262260463,0.131293432798817,-4.76382747352539,1.899549338261e-06,1.1445023399874e-05
"Bmp2",216.062326047788,0.822451496238162,0.173242267782298,4.74740666216447,2.06041421139377e-06,1.23521831973057e-05
"Snx21",674.704454635036,0.575119691886794,0.121400769445191,4.73736447071238,2.16515560929697e-06,1.29155302266023e-05
"Fmn1",295.425544707917,-0.642015972027117,0.136629034210985,-4.69897175029215,2.61474615188941e-06,1.55202011688881e-05
"Cbfa2t2",1148.15224470742,0.257348885041913,0.0548743466205651,4.68978495218142,2.73492326479253e-06,1.61535615491933e-05
"Elmo2",2895.58547953288,0.307121483798027,0.0658268891535687,4.66559316028953,3.07728033678288e-06,1.8086564332366e-05
"Slc17a9",50.0288611431302,-1.57951292126546,0.338863554779677,-4.66120625539809,3.14361491922634e-06,1.83863136007433e-05
"Hnmt",202.900788436213,0.822502719892385,0.176821070715763,4.65161033446373,3.29352978276811e-06,1.91696223764027e-05
"Mtx2",634.73646491777,-0.310073367100097,0.0671934852519499,-4.61463437917292,3.937879229184e-06,2.28092618154185e-05
"Gm13315",389.417811212824,-0.5642789115795,0.12280838736411,-4.59479131426496,4.33182568725459e-06,2.49704759568185e-05
"Slc12a6",1903.05963171095,0.443907117302603,0.0967003933160836,4.59054096968984,4.42098664405997e-06,2.53625023264493e-05
"Rpn2",12316.9391987026,-0.216282861022013,0.0472976358403001,-4.57280490196782,4.81238195090439e-06,2.74764093292113e-05
"Cers6",1758.35343865448,-0.496598852354488,0.108710487191099,-4.56808597942837,4.92198140502723e-06,2.79689843821215e-05
"Set",2714.49395130943,-0.570464545264748,0.125007030789981,-4.56345968430497,5.03174758710654e-06,2.84221557438118e-05
"Cdh4",198.708983436551,0.779935548867991,0.170935953879354,4.56273552267692,5.0491402614111e-06,2.84221557438118e-05
"Ywhab",7728.81113696138,-0.253521781307966,0.0555836179008873,-4.56108815658648,5.08892086047787e-06,2.85122248210886e-05
"Ola1",753.751534209819,-0.421917669218078,0.0928777805325087,-4.54271911752241,5.55332244327116e-06,3.09694586487541e-05
"Acss2",821.12872502567,0.365907069897682,0.0806946407977653,4.53446556401073,5.77495224981514e-06,3.20563321644831e-05
"Tomm34",993.404339640764,0.286036016788631,0.0634297205571731,4.50949514322405,6.49820822345017e-06,3.59048463590634e-05
"Stam2",1139.18742937782,-0.35175043450344,0.0780806884439642,-4.50496072093266,6.63852206279809e-06,3.65118713453895e-05
"Bmf",1534.28442475902,0.557321598518543,0.123799171518062,4.50182009850712,6.7373999417744e-06,3.68864955716324e-05
"Gad2",10.1171449798628,-6.23282980199929,1.38751373285902,-4.49208512636221,7.05292196601474e-06,3.84384247147803e-05
"Col20a1",309.932957688564,0.841724126719652,0.187616420194765,4.48640969615482,7.24333967342737e-06,3.92975758752915e-05
"Itga8",28227.310379146,0.647455577905338,0.145068509382773,4.46310216228241,8.07815128970925e-06,4.36292945782045e-05
"Rgs19",349.675861235826,-0.529240291601612,0.118713509431006,-4.45813028473559,8.26776476641408e-06,4.44531388113474e-05
"Ttc30b",500.769519188666,0.464270499643445,0.104258140712438,4.45308631509153,8.46447070751621e-06,4.53075909746069e-05
"Slc2a8",723.811218940263,0.425853942265712,0.0956640980301986,4.45155446018297,8.52509053272747e-06,4.54292602166233e-05
"Rem1",1128.30251553109,0.488915081600703,0.109919959110868,4.4479190636122,8.67061862409783e-06,4.60003173906783e-05
"Tank",539.091700867489,-0.359089767056623,0.080788170108311,-4.44483105107095,8.79609641542505e-06,4.64604387757473e-05
"Raly",3370.02232463369,-0.260670526747116,0.0589568226781481,-4.42138017121692,9.80724472003785e-06,5.15740632426552e-05
"Hck",23.1477141732852,-2.5297371272759,0.572787045983704,-4.41654039666928,1.00293164483926e-05,5.2511573893549e-05
"Jmjd7-pla2g4b",279.624673924796,0.621665145336811,0.140790964688334,4.41551875656921,1.00768041458378e-05,5.25308181341717e-05
"Kif18a",48.0182778449392,-1.29447205147021,0.293664156855666,-4.40800152572393,1.04328810526852e-05,5.41516207020329e-05
"Snai1",2654.49131248166,-0.511306874566953,0.117286864961471,-4.35945555143723,1.30386433022762e-05,6.73850574113324e-05
"Slc43a3",22908.0274058148,0.559858287880366,0.129104185745495,4.33648440325568,1.44779695022323e-05,7.45025125887404e-05
"Hdc",37.9808710012838,-1.88928303252546,0.436480924005419,-4.32844353239594,1.50166822290188e-05,7.69444529598015e-05
"Wisp2",6944.53131152428,-0.795240167042615,0.18501153856053,-4.29832740827912,1.72091828569171e-05,8.78034478529514e-05
"Psd4",4.64784571654921,-5.21965263231852,1.21507740184327,-4.29573673611271,1.74114115377191e-05,8.84588238717168e-05
"Pdk1",333.808375816532,0.548889602419227,0.127957354674732,4.28962918008508,1.78971690238932e-05,9.05430618550546e-05
"Zscan29",749.276793955161,0.302100553066331,0.0706476013410451,4.27616150204402,1.90143307949219e-05,9.57906832903838e-05
"Mcm8",62.2459791281182,-1.69971860703718,0.398266133332907,-4.26779599061816,1.97413739020084e-05,9.86246137854501e-05
"Wdr76",110.59562383464,-0.788717838375383,0.184775074065973,-4.26852941265107,1.96765885722093e-05,9.86246137854501e-05
"Celf1",1761.06762470045,0.31658724008559,0.0741974564256536,4.26682066120167,1.98278423609805e-05,9.86455725759982e-05
"Cdh22",288.572316681665,0.863623824311577,0.202751867340717,4.2595110744913,2.04874548772746e-05,0.000101506026437406
"Camk1d",170.810643705837,0.883272650269543,0.20799376741263,4.24663037386719,2.17009526120138e-05,0.000107075893752282
"Stk35",941.624092833947,-0.362216300528508,0.0853679019164402,-4.24300342865464,2.2054806479955e-05,0.000108375872825681
"Stard7",1549.34032772432,0.22540064273152,0.0536353813622011,4.20246182663238,2.64027783020578e-05,0.000129211964017009
"Ncoa3",2837.56827341116,0.292244542837947,0.0697781820294471,4.18819370666059,2.81183474282335e-05,0.000137048368156309
"Gm13375",370.368108873386,0.765880681949887,0.183223269231833,4.18004047826926,2.9145721081951e-05,0.000140918460909935
"Mertk",1128.78777365017,0.662408191800035,0.158469832565442,4.1800270819778,2.91474381198197e-05,0.000140918460909935
"Atp5c1",2689.8242043497,-0.276572513045624,0.0662632384961691,-4.17384539787643,2.99501035348864e-05,0.000144217566820598
"Ssb",2326.52733909625,-0.278714883356731,0.0667961368362137,-4.17261980344984,3.01117175768434e-05,0.000144415797498541
"Pltp",4929.31029540201,0.275620565020989,0.0662453592947883,4.16060185883349,3.17410011454933e-05,0.00015162334810138
"Ralgds",2619.77159534692,0.368045606424329,0.0886610053912428,4.15115534501577,3.30801131533008e-05,0.00015677097103086
"Pmpca",1357.28792825864,-0.260559676056514,0.0627671258104456,-4.15121248093141,3.30718547364619e-05,0.00015677097103086
"Olfml2a",166.793997209939,1.16645643272425,0.281260080987996,4.14725199760586,3.36489640992974e-05,0.000158839007697077
"Ralgps1",119.926589089153,0.767172766151366,0.185108008702807,4.14446015343977,3.40615174498557e-05,0.000160155919303439
"Aqr",1832.45845827656,-0.204562062758608,0.0494128021508916,-4.13985958808687,3.47518465603114e-05,0.000162763531350834
"Adrm1",1722.30581697674,-0.287034166266695,0.0694790618551512,-4.13123261314465,3.60823228638315e-05,0.000168175033698526
"Nsmf",2598.61096418326,0.26880783060949,0.0650918050924913,4.12967239466676,3.63280514828342e-05,0.000168175033698526
"Baz2b",1964.04814169492,0.295582835426359,0.0715681573073225,4.13008866718602,3.62623351440336e-05,0.000168175033698526
"Dido1",1850.51602288475,-0.218954875924694,0.0530356410052819,-4.12844780933049,3.65220312442176e-05,0.000168422751776219
"Pigt",2395.86126540128,-0.318416802476153,0.0772170881991383,-4.12365720985197,3.72903736142524e-05,0.000171307118634056
"Bcl2l11",864.625890846288,0.360017392237534,0.0873730099372592,4.12046457477035,3.78109203203542e-05,0.000173035471237041
"Hsd17b12",1448.02833961968,-0.396250083745788,0.0961910366051963,-4.1194075636397,3.7984776530488e-05,0.000173170140912757
"Ckap5",1882.12844259904,-0.296712874982745,0.072237276730115,-4.10747592397885,4.00006458733116e-05,0.000181669600007957
"Fam110a",792.552007144694,0.648197374392562,0.158264581665559,4.0956565743959,4.20973594587111e-05,0.00019047069430564
"Angptl2",7244.86971439525,0.479058783070014,0.117026725308675,4.09358445095704,4.24755270088873e-05,0.000191459236404721
"Meis2",1000.73011083297,0.245541016931414,0.0600147676689554,4.09134328880238,4.28881716495773e-05,0.000192595197782184
"Hypk",926.453883164911,-0.381423546802462,0.0937186221716599,-4.06988000851983,4.70373577400997e-05,0.000210439522128282
"Tpd52l2",2254.79641043338,0.195039985945342,0.0482102663898761,4.04561103994023,5.21868214256463e-05,0.000232609661298699
"Bloc1s6",511.178599850314,-0.31358147252763,0.0775401647976461,-4.04411666322831,5.25207636678559e-05,0.000233231094954664
"Wfdc16",20.273285776928,1.83955888852305,0.455035735592683,4.04266905790823,5.28461842097346e-05,0.000233810239363365
"Nop56",1400.09246676478,-0.334398888928887,0.0828883434557812,-4.03432949661107,5.47584344728041e-05,0.000241380010782692
"Pkn3",36.2366872571144,-1.85346696860309,0.461222149867705,-4.0185992132744,5.85451570482681e-05,0.000257126898537998
"Pdhx",387.120172947027,-0.32159591991294,0.0803537259650794,-4.0022527399999,6.27422232922709e-05,0.000274554473457784
"Lrrc4c",21.1919196425902,-1.75210526116189,0.441643216571142,-3.9672414189105,7.27093314547992e-05,0.000317012685142925
"Acvr1",1531.98176180854,0.411534541624317,0.103769427590225,3.9658553697475,7.31332005516395e-05,0.000317705461816724
"Chmp4b",4177.08571546736,-0.164393027091057,0.0417850215422912,-3.93425732531148,8.34543381386115e-05,0.000361233759668575
"Znfx1",2784.80837140317,-0.433930980628591,0.11052787096921,-3.92598696440533,8.63748333872846e-05,0.000372530306587605
"Tmx4",1372.23974642859,0.376712334615455,0.0964188285817002,3.90704118849825,9.34332313720342e-05,0.000401528474605982
"Npdc1",2511.35208919467,0.299926125693159,0.0768387525907901,3.90331851546883,9.4882703272188e-05,0.000405240863047955
"Garnl3",499.012278434555,0.498039992343307,0.127664303153191,3.90116876873313,9.57293802600331e-05,0.000405240863047955
"Ptgs1",1383.05161234143,-0.456916678722536,0.117142556595259,-3.90051824036277,9.59869934158626e-05,0.000405240863047955
"Fam171a1",4889.2895911017,0.286805177457142,0.0735205533215221,3.90102038817469,9.57880823187895e-05,0.000405240863047955
"Taf3",571.733460321104,0.389790573730992,0.0998985551122455,3.90186397884359,9.54547945858112e-05,0.000405240863047955
"Fam69b",188.206373754534,0.677111644322924,0.173864516482777,3.89447863210201,9.8410165877098e-05,0.000412565695407834
"Sh3glb2",948.58113818298,0.308742770696615,0.0792633169746763,3.89515330017358,9.81366418922091e-05,0.000412565695407834
"Fbn1",63310.9427293768,-0.401003262004532,0.103297971245441,-3.88200520464944,0.000103598659558507,0.000432804156134667
"Cd302",4224.29196593237,0.33943934120383,0.0878912077820431,3.86203978497586,0.000112444249073292,0.000468127273051655
"Adal",366.72998998247,0.420237037653955,0.109133750591747,3.85066063775264,0.00011779963503919,0.000488725821494772
"Tsc1",1333.60559391362,0.260632152626287,0.0677549379585364,3.84668867656236,0.000119724940570782,0.000495000702566787
"Api5",2240.6094567671,-0.23707240702859,0.0616898112325663,-3.84297507630301,0.000121551816916453,0.000500826902002844
"Snap23",1292.16456776138,-0.278635853168677,0.0726832597479059,-3.83356297082844,0.000126300449703183,0.00051861040819903
"Cybrd1",110.507312683403,1.01511894874621,0.266353011558215,3.8111787916629,0.000138305685808941,0.000565967635784712
"Mgme1",363.801794521348,0.471413200403504,0.123727065248148,3.81010573117559,0.000138907372862747,0.000566496394770184
"Cstf3",436.629003763788,-0.340411071975422,0.0895739331866413,-3.80033632402992,0.000144499835755603,0.000586637617462221
"Lrrn4",19.5356038006691,-3.9131710019736,1.02984148108526,-3.79977994074373,0.00014482463283471,0.000586637617462221
"Ttbk2",1013.19346572434,0.289900524189044,0.0763961122160368,3.7947025807969,0.000147820546279793,0.000596757020166573
"Blvra",312.551132182815,-0.337497410967361,0.0891666131268923,-3.78501996579225,0.000153696238637107,0.000618395268878832
"Abhd12",1494.70538057551,0.247646839839942,0.0654777389523764,3.78215319896831,0.000155477620918237,0.000623470459802561
"4930402H24Rik",2197.76275464792,0.233055296710526,0.0618376192002119,3.76882712699468,0.000164016428977346,0.000653341190511089
"Proser2",25.3291050228072,1.37173672071583,0.363901991525725,3.76952243367664,0.000163560207700871,0.000653341190511089
"Gabpb1",428.173812640033,-0.367422077863874,0.0984943036402083,-3.73038911169966,0.000191184274702345,0.000759039554199043
"Ebf4",230.606040795994,0.614397162345047,0.165346799555414,3.71580922036014,0.000202554378230549,0.000801527061050917
"Ndufs3",1230.07505471738,-0.209384013913733,0.0565407800007012,-3.70323886425225,0.000212864282168695,0.000839553533948241
"Apbb1ip",857.391494198394,-0.589761350298759,0.159976562530093,-3.68654846042099,0.000227316170995384,0.000893613406634311
"Rcn1",8625.26631780105,0.251015380140778,0.0681490619377147,3.68332847149378,0.000230208209251259,0.000902024976772091
"Rapsn",27.8543090190226,-1.10699397137761,0.301472674119203,-3.67195459625606,0.000240702452990335,0.000940072446695153
"Dtd1",476.997425840851,0.307495410487215,0.084416677260012,3.64259078262578,0.000269907741436652,0.00105071227916411
"Nup35",514.276868375438,-0.315374776238679,0.0868926456003253,-3.62947605127929,0.000283997076435219,0.00110198218331983
"Taf4a",810.461238738295,0.356519923383424,0.0983303413408987,3.62573665993302,0.000288138874181089,0.00111444680691331
"Cdnf",71.9705226875414,0.837819562813942,0.231425464645285,3.62025658713962,0.000294311011709726,0.00113465885221852
"C1qtnf4",24.3925799183782,1.2061446223498,0.333312062310997,3.61866478514784,0.000296126916911703,0.00113800055569594
"Cd59a",1013.62380350547,0.396282415606651,0.109555383406415,3.61718797639156,0.000297821019053406,0.00114085431899372
"Trim69",12.8174894331995,-1.8965335949191,0.525559184740645,-3.60860137161338,0.000307852220659167,0.00117179305577886
"Surf1",1052.07225806791,0.309345520844564,0.0857068548361693,3.60934398346416,0.000306972331618697,0.00117179305577886
"Slc35c1",475.513649636781,-0.293209425686204,0.0812805550553452,-3.60737479568826,0.000309310711397959,0.00117361880685491
"Fnbp1",2185.36556757474,0.277424791346291,0.0771642418516809,3.5952506587123,0.000324079392730937,0.00122577663055014
"Adam33",343.369420052721,0.98655693961552,0.274506481728766,3.59392948903231,0.00032572802061936,0.00122813804000821
"Ptpn1",2103.59171776589,-0.261678184964355,0.0728363409970931,-3.59268713093095,0.000327285460942944,0.00123014190492348
"Zc3h15",1213.83683954132,-0.284517073843264,0.0793800029922528,-3.58424115795299,0.000338059630125245,0.00126666717662553
"Anapc1",4819.54340681215,-0.163711298530002,0.0459149252164101,-3.56553555860941,0.00036311392285194,0.00135630402959339
"A530013C23Rik",37.6792224111327,1.14512776344562,0.322440386420384,3.55144024034461,0.000383128985255355,0.00142662004137009
"Mtch2",2245.25022696213,-0.20874701802812,0.0588360035391275,-3.54794692826642,0.00038824644339773,0.00143233072502732
"Atp5e",1521.82876667539,-0.326375027705827,0.0919784150453435,-3.54838716828215,0.000387598022909707,0.00143233072502732
"Matn4",573.864380733166,0.675991827582335,0.190496992131703,3.54856956016911,0.000387329678252403,0.00143233072502732
"Prpf18",1105.3513517594,0.192176228673417,0.0547106587157697,3.51259211978788,0.000443758141270217,0.00163210432939568
"Fam210b",2689.80764256158,0.52592840736181,0.149855402518049,3.50957255143648,0.000448827592318625,0.00164570117183496
"Pax1",73.7105907721883,0.800375531247287,0.228527577494043,3.50231486293225,0.000461234203121548,0.00167996235083028
"Pacsin3",551.361850425019,0.319205883155958,0.0911540307502258,3.50182960126717,0.000462075039713084,0.00167996235083028
"Pygb",2176.47951068827,0.33529068537428,0.0957520148202608,3.50165671191008,0.000462374958944113,0.00167996235083028
"Echdc3",181.749775091236,0.499432904454038,0.142670234022638,3.5006103962428,0.000464193930866025,0.0016814759006295
"Mpped2",17.5822094126619,1.44932745851445,0.415755652724435,3.48600782458891,0.000490286663825576,0.00177064370459899
"Acvr2a",2032.51525475661,0.339250152912956,0.0975089092751975,3.47917083100066,0.00050296784996785,0.00181098634267703
"Sp3os",95.6666879016589,0.619694799395263,0.17836049242633,3.47439497932101,0.000512006746477322,0.00183801224259374
"Bpifa2",337.902287819877,1.19214843536108,0.344929643832464,3.45620753877598,0.000547833342043123,0.00196075276749166
"1700037H04Rik",222.865592917002,-0.431820469825589,0.125195177722052,-3.44917813675125,0.000562295625748249,0.00200652516450045
"Lime1",759.956345155343,0.477064494984996,0.13851677647918,3.44409180686284,0.000572981106341972,0.00203858856529384
"Eif3m",1757.46389884658,-0.243194123227454,0.0707890418339757,-3.43547697393371,0.000591511727708934,0.00209829160213909
"Tshz2",2791.86608617626,0.247557134464897,0.072179601593779,3.42973816699805,0.000604163947714699,0.00213685124870184
"Epc2",1216.31123472317,0.245293334580368,0.0716047969214112,3.4256550556185,0.000613318750668054,0.00216285053544411
"Rxra",3595.55337674923,0.189205068901975,0.0552787001117301,3.4227481565151,0.000619914835698547,0.00217970055132715
"Pfdn4",233.826503591676,-0.423172737546959,0.123827116115191,-3.41744805841476,0.000632111545711776,0.00221608696873807
"Prr5l",814.81397570619,-0.576786751581897,0.168980550191046,-3.41333219077458,0.000641736664893276,0.00224327189856279
"Dpp4",510.936210943825,1.08262885578737,0.317465623049863,3.41022390199812,0.000649095677984452,0.00226240034274232
"Ppp6c",753.725433520944,-0.230291740610874,0.0678396745348778,-3.39464689637442,0.000687171647383244,0.00238817044989133
"Ppapdc3",255.627996786334,0.351276334903234,0.103646806899604,3.38916697398593,0.000701053073281468,0.00242937177706497
"Gm13498",1160.30005788036,-0.417771482718122,0.123361593268013,-3.38656036818915,0.000707747033631793,0.00244550055713118
"Mvb12b",1251.55959095574,0.209036975248604,0.0617817937512656,3.38347209681529,0.000715754802217305,0.00246606324097284
"Exosc2",408.033168577256,-0.373414884281748,0.110640512960725,-3.3750284980539,0.000738080473670095,0.00253569767315314
"Nsfl1c",1648.64518805259,-0.237226947442336,0.0704089604691665,-3.36927211908238,0.000753669824158387,0.00258185748333116
"Arhgap21",6485.93660009402,0.287214667553528,0.0853170446939242,3.36643947975359,0.000761452887008894,0.00260108835191927
"Ext2",4318.35807463821,-0.145546328540294,0.0433339898596195,-3.35871054135082,0.000783070442696872,0.00266733369543622
"Prkcq",4.73684240623777,-5.03083424572605,1.50142364833619,-3.35070934263023,0.000806048580913481,0.00273782506661548
"Eif3j1",57.1882228472392,2.15505098829796,0.645659650644156,3.3377507579232,0.000844594735573852,0.00286064714111031
"Sec23b",1419.9271077187,-0.323345435031588,0.0974136201974299,-3.31930416276757,0.000902420770474204,0.00304789437689738
"Spred1",2295.69612238591,-0.207701194150647,0.0628567672235761,-3.30435692646858,0.000951945511379713,0.00320613109029291
"Cubn",11.7285948354816,-2.46701090695984,0.751841419605843,-3.28129156312402,0.00103332867457677,0.00347047921797632
"Ganc",717.18065300974,0.250440229194476,0.0767415541824973,3.26342399319813,0.00110074705459772,0.00368658021916945
"Rbbp9",1185.42053912958,0.262601372208144,0.0807653595102036,3.25141092419663,0.00114833752816303,0.00383525542135786
"BC029214",406.493222642111,0.405002457132904,0.124631464095075,3.24960041249252,0.00115567270263582,0.00384903214016762
"Btbd3",2092.36288145141,0.640980248486055,0.197309981192191,3.24859515272927,0.00115976412267346,0.00385195895591544
"Sdccag3",1745.2705572522,0.269443877344254,0.0829689131653557,3.24752810498139,0.00116412166376282,0.00385575103550173
"Entpd6",195.717284454112,-0.466210862534895,0.143758055564112,-3.24302426535659,0.00118268138126449,0.00390643244114635
"Capn3",43.0762724653352,1.15201736772967,0.355787557989727,3.23793607128592,0.00120397785022718,0.00396585011654504
"Cse1l",1406.66770146539,-0.303610997947208,0.0940051921858932,-3.2297258362796,0.0012390897717784,0.00406842365097449
"Ccdc34",289.148317021997,-0.479466449734872,0.148484051807459,-3.22907708874083,0.0012419041336586,0.00406842365097449
"Sulf2",3690.91464012558,0.601623768318635,0.186476906138621,3.22626421027925,0.00125417522799772,0.00409742806095168
"Top1",1758.86887774577,-0.201468542652208,0.0625204480670393,-3.22244239894406,0.00127102718866689,0.0041411999978576
"Ptges2",406.193046891188,-0.297555217053546,0.0925330993258459,-3.21566249505742,0.00130143791710703,0.00422879149759167
"Pxmp4",604.626096727073,0.273995970720126,0.0853799425163902,3.20913744662604,0.00133133832279446,0.00431425580819069
"BC005624",1182.60541823071,0.165644206544109,0.0517268884963961,3.20228437006509,0.00136342332017922,0.00440631957114524
"Brd3",1820.52263674052,0.219872910672417,0.0688631845295267,3.19289489985961,0.00140854202697825,0.00453989755469603
"Tmem8c",36.6638879148525,-1.20241656570452,0.377358848806754,-3.18640087414588,0.00144054842618878,0.00463061008847278
"Mrps5",612.199450436377,-0.222941224380103,0.0700101892694976,-3.18441110795904,0.00145048852448039,0.00465009556377536
"Suv39h2",61.3131852097324,-0.654603280691008,0.206333321489493,-3.17255243101557,0.00151105272176898,0.00483133923573601
"Chac1",6.9541811968699,-2.82989457984053,0.895651884751431,-3.15959205581966,0.00157990181107228,0.0050380379560523
"Pter",305.143845360244,0.342436097115127,0.10842418856593,3.15829983737345,0.00158692245731647,0.00504141814985074
"Cry2",1450.86386066924,0.560330952598904,0.17744062842417,3.15785036141463,0.00158937119319731,0.00504141814985074
"Prpf40a",1342.50425522526,-0.285891188183569,0.0905568582193849,-3.15703519098424,0.00159382110226451,0.00504219393566002
"Ccdc3",136.207108390605,0.878723771632514,0.278463907046319,3.15561101240438,0.00160162304003499,0.00505354217105776
"Slx4ip",51.4975551613982,-0.779059197931071,0.247733243366956,-3.14475032637055,0.00166228629388697,0.00523118442616923
"Commd3",925.37988809094,-0.244088906422747,0.0778085758918294,-3.13704374646419,0.00170660661399206,0.00535660034077612
"Rnf24",802.910049825581,0.232571113141561,0.0742667741177053,3.13156341990779,0.00173878227130541,0.00544334188849919
"Nfatc2",71.2543185737522,0.642875274855925,0.205525428789249,3.12795977920156,0.00176024267379054,0.00549617439029912
"Ivd",2833.24709003758,0.397622275249279,0.127312591049715,3.12319678651431,0.00178898091266248,0.00557139769943459
"Atrn",2246.87468892773,0.179645977632369,0.0577067266070114,3.11308556549701,0.00185142332229397,0.00575092373945718
"Sema6d",536.47134568217,0.435090955151347,0.140524340780061,3.09619637947507,0.00196020493825117,0.00607308971825103
"Kiz",595.216461560118,0.228928860082603,0.0739670453144517,3.09501155696258,0.00196805228475145,0.00608168734385823
"Crb2",5.31264510669164,-3.92585397487547,1.27024852788987,-3.09061879520307,0.00199739886690278,0.00615650704734303
"Col5a1",37296.8106827663,-0.368040657239047,0.119330684289736,-3.08420805117853,0.00204094814167949,0.00627460723557362
"Gm14005",209.943987527882,-0.495825297471702,0.160930081190721,-3.08099824347997,0.00206307865883357,0.00632642279268915
"Fubp3",1192.04693565146,-0.212837041505874,0.0692362636626662,-3.07406885130112,0.00211160693333543,0.00645871610476832
"Edem2",866.60359045375,-0.28238247167743,0.0929808346142175,-3.03699652567167,0.00238948209895459,0.0072900484393042
"Lrsam1",729.624564744495,0.279935257100339,0.0924377192842897,3.02836611794159,0.00245879999518949,0.00748249034069086
"8430427H17Rik",589.962553428481,0.343885766910738,0.113632536148143,3.02629668022557,0.00247569257766694,0.00751482379904473
"Lpin3",794.517665733011,0.343922505249239,0.113706006398956,3.02466436155123,0.00248909184654353,0.00753641697981236
"Zc3h6",435.62276231292,0.46011791632694,0.153038318727592,3.00655365370257,0.00264227419803996,0.00798006741423152
"Plcg1",2017.53371956693,0.16831393735331,0.056290800871373,2.99007892493687,0.00278905372038423,0.00840219952447411
"Slc25a25",3999.62963953329,0.401301528626761,0.134309176391469,2.98789360048708,0.00280907329194068,0.0084201971925922
"Gm3230",20.1599381615765,1.07224112578965,0.358841896801404,2.9880600212719,0.00280754412152758,0.0084201971925922
"Lrp2",8.71267284075103,-3.0806699864887,1.03171957675238,-2.98595670364805,0.00282692664536492,0.00845258116656493
"Med19",450.396016842263,-0.301830146229563,0.101446315584387,-2.97526967333268,0.00292731084707901,0.00873095946678541
"Bfsp1",88.4128957982737,0.630781302574633,0.212882717952655,2.9630460783337,0.00304610966291656,0.00906274314103462
"Fbln7",458.240986326903,0.595759115499824,0.202046227086502,2.94862776747008,0.0031918816941361,0.00944954605251651
"Disp2",21.1086701069625,-1.56498118342905,0.530662867973741,-2.94910625536077,0.00318694383778981,0.00944954605251651
"Ssfa2",1656.57965515884,0.167864841207119,0.05707885340242,2.94092875383517,0.00327229788966123,0.00966375657562515
"Fam65c",227.024938577405,0.405036713146492,0.137977788698668,2.93552112239644,0.00332987940020379,0.00979410270851675
"Cdc123",976.980599299365,-0.211604000579791,0.0720905810045673,-2.93525170183307,0.00333277223108827,0.00979410270851675
"Rbm17",1163.78778424792,-0.202362637234634,0.0690448229227158,-2.93088791698612,0.00337994706027041,0.00990845116201522
"Pdia3",23176.2261278322,-0.288852543558801,0.0986502497095026,-2.92804675517184,0.00341098747628886,0.00997505849773254
"Ncs1",381.197597461829,-0.559371014982999,0.191450616048166,-2.92175092736327,0.00348069769726669,0.0101541521630724
"Rabepk",330.114451935613,-0.308827005309226,0.10595291101089,-2.91475715355742,0.00355965413025369,0.010359284714015
"Phf20",1091.33474922359,0.187364718917074,0.0644568479337146,2.90682409896547,0.00365118448308867,0.0105999278334705
"Arhgap15",100.537070993823,0.489761260984029,0.169140976403716,2.8955801923186,0.00378458318490803,0.0109606648277892
"Pkig",1380.76960834091,-0.437016948073348,0.150981175609847,-2.89451281795984,0.0037974740497117,0.0109714973147092
"Src",1674.28028702265,-0.313473525008116,0.108881451017369,-2.87903515317874,0.00398893868221802,0.0114969650961043
"Gm14057",68.1399644582748,0.69637742526437,0.242595677657911,2.87052692771529,0.00409788292521034,0.0117826417921515
"Ttpal",963.492256717821,-0.199025768278864,0.0694049033874081,-2.86760385167502,0.00413593040682677,0.011863589851161
"Dync1i2",2729.08161511221,-0.168596395148374,0.0588131747307939,-2.866643331534,0.00414850256916392,0.0118712519819273
"Blcap",988.118588668356,-0.164386385155564,0.0574390900857181,-2.86192530052696,0.00421076136597513,0.0119921683558294
"Polr1b",507.221182452119,-0.212326615792947,0.0741769419788675,-2.86243420298235,0.00420400538206245,0.0119921683558294
"H13",3830.48582518752,-0.213121975984127,0.0746493246187272,-2.85497527369003,0.00430401796819383,0.0121933985314546
"Stam",1031.61176056145,0.213472097332594,0.0747872362066173,2.85439211502383,0.00431192742063114,0.0121933985314546
"St6galnac4",483.157460678299,-0.235019608604304,0.0823265358351066,-2.85472486143507,0.00430741272726084,0.0121933985314546
"Fkbp7",1930.79723562728,0.213152624098536,0.074718195079875,2.85275392253082,0.0043342169879093,0.0121988877194912
"Trim44",3368.69212318892,0.113662743605237,0.0398411236332644,2.85290004999599,0.00433222451400049,0.0121988877194912
"Coq4",168.626026602549,-0.418460055821631,0.14717491781535,-2.84328377439044,0.00446512951512594,0.0125379163668291
"Tmem62",294.072540022928,0.290018714422744,0.102081408207219,2.84105322914455,0.00449648065286304,0.0125823402674183
"Fam98b",614.833146582773,-0.226766764277611,0.0798287212329305,-2.84066637640271,0.00450193826081939,0.0125823402674183
"Urm1",716.948809539518,-0.237583960983267,0.0836880004327094,-2.83892505203659,0.00452657874831738,0.0126217858586803
"Dnlz",617.827296041123,-0.253572181683365,0.0896785205253387,-2.827568744421,0.00469029438839088,0.0130479419296535
"Gm13889",7511.95588769907,0.59042160553284,0.209330803587418,2.82051946208803,0.00479459650287602,0.0133072250160841
"Secisbp2l",2325.73407463923,0.201605428152146,0.0720245777589867,2.79911988969614,0.00512421078169524,0.01418921184123
"Commd9",444.181693374178,-0.226665968735117,0.0815089970233913,-2.78087054205892,0.00542133513346691,0.0149773751728729
"Ino80",1214.15711594407,-0.234620425621755,0.0845183322615602,-2.77597083784938,0.00550371447703553,0.0151700084091163
"Abtb2",859.815608179876,0.293569778421046,0.105943206905591,2.77101087455898,0.00558825604661458,0.0153677041281901
"Wdr5",1094.36067529953,-0.185870956477822,0.0672049963539451,-2.76573121883536,0.00567953255304425,0.0155829737553777
"Cdc25b",483.408564049073,-0.611456679100025,0.22246958651342,-2.74849559745614,0.00598694389219686,0.0163889171843471
"Snhg7",40.5215042155174,-0.791801307091264,0.288521446004657,-2.74434125454398,0.00606324716398063,0.0165599848510542
"Tspyl3",302.584618180227,0.282813356303888,0.103319671002113,2.73726535867603,0.00619522977624836,0.0168820011402768
"Trp53inp2",3648.54516402156,0.217906869832752,0.0797609784182757,2.73199845531011,0.00629514361219206,0.0171153677800868
"Slc2a4rg-ps",227.137853117712,0.493542007821275,0.18138879632284,2.72090679152452,0.00651031153648793,0.0176603247335951
"Nelfcd",815.707740465394,-0.212277885548609,0.0781231308610384,-2.71722194449936,0.00658324452373385,0.0178178559457266
"Gata5os",15.8296971385878,1.33567806271739,0.492418988346218,2.71248285368369,0.00667812362088858,0.0180339419401924
"Man1b1",2641.02724098656,-0.186022377671655,0.0686962581135556,-2.70789680224151,0.00677110734204806,0.0182439498946418
"Cass4",1242.24295495197,0.371874538522303,0.137542449254048,2.70370740479858,0.00685706397943131,0.0184341249133142
"Fbxo3",1768.98936529762,0.200772069387996,0.0742938631384014,2.70240449085249,0.00688399589126276,0.0184651254443491
"Dtwd1",172.795273790764,-0.352258236327557,0.130832274155595,-2.69244143771915,0.00709309913591671,0.01898353987492
"Kcnip3",143.452302299176,-0.4315136521093,0.160456153826026,-2.68929325438754,0.00716034856526019,0.0191208417143585
"Golga1",679.122703375945,-0.24755855737921,0.092535779505451,-2.67527391785388,0.00746682154504517,0.0198949311833537
"Traf6",848.653536507136,0.212196461172533,0.0794508245150618,2.67078991901848,0.00756729911333026,0.0201179415451951
"Dhrs9",38.9495468366131,0.740757919521336,0.277442468244974,2.66995144689697,0.00758622158829975,0.0201236276202907
"Osbpl2",988.000668621225,0.170223513670325,0.0637731745543301,2.66920244852021,0.00760316069690276,0.0201240390189545
"C1ql3",9.01119152998191,1.43220684728525,0.539699794196686,2.65371019719771,0.007961216864136,0.0210253282381037
"Snrpb",3033.17089577724,-0.143545275329436,0.0541343085168929,-2.65165066779493,0.00800993667621444,0.0211075034610574
"Neurl2",50.3512468314877,-0.63677623911712,0.240900146074478,-2.64332026980278,0.00820973388200646,0.0215865590450126
"Nr4a2",6064.08040418662,0.468468452883855,0.177299482652099,2.64224376674068,0.00823587563321953,0.0216079100311383
"Arfgap1",2073.09689763495,-0.216849684847072,0.0821722676724847,-2.63896434879189,0.00831597257392063,0.0217704172841285
"Strbp",197.562873504152,0.30094950413876,0.114288333111255,2.63324782106848,0.00845726136519552,0.0220920618232449
"Cdk9",1529.44237835599,0.15065143339737,0.0572433151257418,2.63177338814927,0.00849404973937126,0.0221399252989264
"Lbp",1641.01204150824,-0.337317009497035,0.128266328212692,-2.62981730433333,0.00854307654561869,0.0222194116663705
"Pcif1",1398.59260485572,0.183785544141612,0.0700031581328699,2.62538932590408,0.00865499408028493,0.0224617703512156
"Nebl",3383.2745082219,0.421658451656198,0.162458925262718,2.59547729356401,0.00944596440803476,0.0244615795361419
"1110034G24Rik",162.270977879031,0.319878244455597,0.12328308998276,2.5946643980154,0.00946833204381203,0.0244666597425229
"Agpat2",621.825710154969,-0.238128794230703,0.0919075180976252,-2.59096099165424,0.0095708339500328,0.0246588739119929
"Mapk8ip1",1033.20690920804,0.272645437083921,0.105248463328654,2.59049328095694,0.00958384924352685,0.0246588739119929
"Ralgapb",2222.56334556359,0.142521837776889,0.0550496948562744,2.58896689888998,0.00962643474200681,0.0247154073997134
"Lrp4",16442.7990526001,0.391981225652298,0.153291715615214,2.55709334375402,0.0105550889858596,0.0270417771240292
"Tm9sf4",3094.77910011245,-0.122111727064191,0.0479061899749203,-2.54897597008067,0.0108039744379158,0.0276203952048209
"Ddx27",852.151387109168,-0.16090936451349,0.0632846648022549,-2.54262806030943,0.011002227591524,0.0280673848558241
"Alkbh3",472.694959754451,-0.237789052237639,0.0936063966991792,-2.54030772065521,0.0110754974421469,0.0281943130215162
"Npepl1",1704.5315631299,0.205836092297686,0.0811360019441578,2.53692673246771,0.0111830356103918,0.0284077535950418
"Arfrp1",918.768929599436,0.446897976260007,0.176357245612698,2.53404942171443,0.0112752828164798,0.028581530860379
"Olfr1034",22.3082427174113,0.877205745958514,0.34758019571223,2.52375065317235,0.0116110252836725,0.0293705048842264
"Ttc30a2",146.973563119055,0.40461254907871,0.160382459861126,2.52279800066081,0.0116425257514925,0.02938818605482
"Gm14295",202.451775711666,-0.395192412207625,0.157431332254657,-2.51025260694848,0.0120644824332066,0.0303893160449889
"4921531C22Rik",68.6203022370363,0.541270988558965,0.215913737776929,2.50688536140382,0.0121800207609726,0.0306048070353575
"Map1a",1727.27625197433,-0.281100294089332,0.112158617681947,-2.5062745948462,0.01220108237106,0.0306048070353575
"Ntmt1",467.897391516354,-0.232976404793304,0.093076019077871,-2.50307659375061,0.0123118896220333,0.0308182790330227
"Nmt2",1041.90673960119,0.224651135567181,0.0899475646496448,2.49757885543895,0.0125044650607782,0.0312351116830689
"Kif3b",1087.11355109096,-0.133518251050217,0.0535095947103257,-2.49522075009199,0.0125878791831866,0.0313781021634943
"Metap1d",618.115781364437,0.341010604786495,0.137874016741856,2.47334931443229,0.0133853238256605,0.033296687275865
"Tasp1",311.921979310883,-0.268316729276702,0.108564735129167,-2.47149066368068,0.0134551064597321,0.0334009785615296
"Psmd5",898.341748964897,-0.183635492576834,0.0743703941096668,-2.46920155224732,0.0135414923033826,0.0335459695697432
"Hspa5",30165.2103370556,-0.312065346949341,0.126556310873587,-2.46582208974985,0.0136699212397364,0.0337247645400082
"Lnp",865.909426246496,0.198481364586341,0.0804771388846697,2.4663074176976,0.0136514115223962,0.0337247645400082
"Ptpla",133.661997096927,-0.557194254840916,0.2261322712439,-2.46401918565591,0.0137388757136869,0.0338252812745598
"Mapre1",3399.99699537877,-0.179161131467776,0.0727505318585644,-2.46267796111906,0.0137903717190733,0.033882491170428
"Cep250",1335.38920044798,0.181808890887763,0.0740171742392217,2.45630683360271,0.014037324586327,0.0344187161124868
"Rmdn3",657.380887961902,-0.18996542221771,0.0775774295899111,-2.44872024275493,0.0143364751344461,0.0350804769106141
"Napb",95.0689179487296,0.427527405346722,0.174650088477291,2.44790832386158,0.0143688210520948,0.0350880171923862
"Cstf1",547.302335821818,-0.211103181246768,0.0863112982018884,-2.44583485180564,0.014451718067563,0.0352187194370083
"Zeb2os",162.209204853675,0.320562301335731,0.131140102826379,2.44442618563548,0.0145082765951929,0.0352848349647794
"Dhtkd1",153.42542911337,0.515993060630646,0.211517612902946,2.43948035130014,0.0147084025167123,0.035699138901899
"Il1b",42.242301314251,-1.22182423678556,0.501986545727981,-2.43397805615223,0.0149339004183847,0.0361732254578651
"Optn",260.124631236463,0.316708544103381,0.131118905822518,2.4154300412793,0.0157166413473094,0.0379924455149678
"Fastkd1",217.792872778802,0.292229324178941,0.121105532201233,2.41301383072545,0.0158212191950778,0.0381682933901373
"Rpp38",77.2508257418007,-0.443413301034272,0.184501761747065,-2.40330117628985,0.0162477997082764,0.0391186984944245
"Gpcpd1",566.135087167715,-0.308294468688501,0.128384265195874,-2.40134153681637,0.0163350823190679,0.0392500274560369
"Itga4",11.8035392205964,-1.35397928559352,0.564451371669411,-2.39875275985071,0.0164510182418441,0.0394495417439421
"Adamtsl2",16026.622871421,0.38766681356971,0.16205760993717,2.39215433153685,0.0167497975388285,0.0400858428124858
"Olfr1033",365.247881683276,0.380522667127111,0.159350575297299,2.38795916749703,0.0169422240251989,0.0402841226645394
"Traf2",798.448696857309,-0.180650191890176,0.0756502279705107,-2.38796625914458,0.0169418971107027,0.0402841226645394
"Nostrin",355.617344922419,0.345030693933025,0.144477895972288,2.38812097595333,0.0169347662717128,0.0402841226645394
"Ubr1",1934.1212085723,0.160203649085219,0.0671032203062523,2.38742117522924,0.016967040822012,0.0402841226645394
"Fign",261.822570544937,-0.25137174976131,0.105557252412053,-2.38137829488073,0.0172479891550043,0.0408702351716407
"Atp8b4",10.0471339227649,-1.50614322008001,0.63282547166748,-2.3800293880576,0.0173112573904566,0.0409392457813757
"Frzb",43.6379448506514,-1.17653727693959,0.496580585122919,-2.36927764030156,0.0178228685782147,0.0420661799710226
"Mettl8",151.085877702395,-0.346839671968082,0.146761513344301,-2.36328764990588,0.0181136040530945,0.04266839147281
"Dnmt3b",143.861694913332,0.41027963086494,0.174634909592804,2.34935633328747,0.0188058998902247,0.0442123018987831
"E2f1",289.521404934222,-0.585109127154554,0.249430739602885,-2.3457779425507,0.0189874158866002,0.0443779954152702
"Nckap1",4606.17978775709,-0.135532512348331,0.0577539124686616,-2.34672434394594,0.0189392607222085,0.0443779954152702
"Vav2",1347.19253632104,-0.246374285885067,0.105008688566002,-2.34622762410952,0.0189645216811642,0.0443779954152702
"Frmd4a",1256.52641452539,-0.203393399329757,0.0869412366965433,-2.33943531352877,0.0193129157026942,0.0450509453843002
"Ier5l",678.523444155406,0.277185082903322,0.118556216238212,2.33800547705048,0.0193869640224875,0.0451358638115777
"Fkbp1a",5097.51153899476,-0.143800978590152,0.0617544457562503,-2.32859313737097,0.0198806299672724,0.0461238883764187
"Kif5c",7.12529947483842,-1.98385578179718,0.852007455214002,-2.32844885294916,0.0198882821439604,0.0461238883764187
"Prdx6b",501.151567725152,-0.312729378800667,0.134607578095347,-2.32326725750276,0.0201647996198595,0.0466748933285936
"Mylk2",2.08696228756808,-3.98263401830446,1.72553071132001,-2.30806324812254,0.0209956189250528,0.0485043296553725
